SMILES,bridge,aff_site,aff_p0,d_key,d_p0,composite,QED,MW,logP,HA,TPSA,LE
COC(=O)c1sc(NC(=O)COc2ccc(Cl)cc2F)nc1C,0.8677834570515474,-5.609,-7.044,3.0987857299271275,2.877568070437257,0.9174226893214811,0.8310824205565639,358.7780000000001,3.0481200000000017,23,77.52,0.2438695652173913
CC1C(=O)OC(=O)C1C(=O)OCC(=O)Nc1cccc(S(=O)(=O)N(C)C)c1,0.86111215778685,-5.869,-7.06,3.1750228345635567,2.8827797349086524,0.9151349804315806,0.5118764026896303,398.3930000000001,-0.24569999999999959,27,136.15,0.21737037037037035
COC(=O)c1c(NC(=O)COC(=O)CCNS(=O)(=O)c2ccccc2Cl)sc(C)c1C,0.8553608277500513,-5.519,-6.033,3.2789278735586724,2.8220846904371952,0.9104022978575219,0.5190417588965623,488.97100000000023,2.655240000000001,31,127.86999999999998,0.17803225806451614
CC(C)OC(=O)c1ccc(N2CCC(Nc3ccc(C(=O)c4ccccc4)cc3)C2=O)cc1,0.8481926624021401,-6.063,-7.818,3.1794795171537107,3.064207238422362,0.9091653088525131,0.4240272430594614,442.51500000000016,4.700200000000003,33,75.71000000000001,0.1837272727272727
COc1ccc(C(C)=NN=C(N)N)cc1NC(=O)c1cc(C)on1,0.8477568359799281,-5.548,-7.793,3.359324485666724,2.8159257802719164,0.9064846082431827,0.4276605810984397,330.34800000000007,1.2413199999999998,24,141.12,0.23116666666666666
O=C(Nc1ccc(O)c(C(=O)O)c1)c1cccc(C(F)(F)F)c1,0.8354909127675849,-6.39,-7.582,3.3546496091246256,3.015325189759804,0.9038713354214299,0.755309182605345,325.24199999999996,3.3615000000000013,23,86.63000000000001,0.2778260869565217
CCCOC(=O)c1ccc(OC(=O)Cn2ccc(C(F)(F)F)n2)cc1,0.8395603563085456,-5.221,-7.284,3.368678375861963,2.9341944380016813,0.9005421484323048,0.5876278706134744,356.29999999999995,3.074300000000002,25,70.42,0.20884
CC(NP(N)(=O)OCC1CC(Nc2ccccc2F)CO1)C(=O)O,0.833476798774864,-5.823,-6.534,3.458379967557064,2.878236265493158,0.9001140073465057,0.5143886260761867,361.3100000000002,1.5411999999999997,24,122.91000000000001,0.242625
CC(C)CC(NC(=O)c1ccccc1)C(=O)Nc1cccc(OCc2cccnc2)c1,0.8273209462570374,-6.173,-7.827,3.4356666019857043,3.0112333021537867,0.8984250894539137,0.5392481966526188,417.5090000000002,4.443800000000003,31,80.32000000000001,0.19912903225806453
NC(Nc1ncccn1)c1cccc(Oc2ncc(C(F)(F)F)cc2Cl)c1,0.8264849401397186,-6.162,-7.742,3.3697956911361846,3.1161575698285864,0.8979195358566112,0.6224120492627959,395.77200000000005,4.405500000000002,27,85.95,0.22822222222222222
CCOC(=O)c1ccc(NC2CCN(Cc3cc(-c4ccc(F)cc4)no3)CC2)nc1,0.8267819558013335,-6.1,-7.652,3.4946453325051454,2.9202960466363685,0.8977904255628372,0.5713675574245382,424.4760000000001,4.128900000000003,31,80.49,0.19677419354838707
CSCCC(=O)Nc1cnn(Cc2ccc(-c3nc(C(F)(F)F)cs3)cc2)c1,0.8332218673239746,-5.318,-6.807,3.336224962438834,3.0717963799705217,0.8975944915962228,0.5915449362567916,426.48900000000003,4.765300000000003,28,59.81,0.18992857142857142
CC(C(=O)Nc1ccc(Cl)c(C(=O)N2CCCC2C)c1)N(C)CCC#N,0.8315158374518479,-5.288,-6.887,3.3931734408957057,3.015739544456715,0.8965335542828,0.8269656542810607,376.8880000000001,3.136980000000002,26,76.44,0.20338461538461539
Cc1ccc(C(=O)O)cc1C(=O)c1cccc(NC(=O)c2ccc(Cl)cc2Cl)c1,0.8201106635005957,-6.555,-8.406,3.5554011025480663,2.912875898489326,0.8962816224179863,0.5272402953974875,428.2710000000002,5.483320000000003,29,83.47,0.22603448275862068
CC(=O)NCCNC(=O)c1ccc([N+](=O)[O-])cc1OCC1CCC1,0.8313491671182108,-4.958,-6.199,3.3846426694704426,3.0305804724507817,0.8948853300210814,0.4261218128126593,335.3600000000002,1.639599999999999,24,110.57000000000001,0.20658333333333334
CC(=O)Nc1ccnc(C(=O)Nc2ccc(-c3nnco3)cc2)c1,0.8217529518382701,-6.03,-7.438,3.368204566234063,3.1772080511039897,0.8947287705956318,0.7622887855236918,323.312,2.3423,24,110.01,0.25125000000000003
Cc1c(NC(=O)Cn2ncc(C(=O)O)c2C)cnn1CC(=O)NC1CC1,0.823272053957053,-5.489,-7.004,3.411567088597262,3.1019727593903847,0.8930215404935303,0.6512374513293046,360.3740000000002,0.3119400000000004,26,131.14,0.21111538461538462
COC(=O)c1ccc(Nc2ccc(C(=O)Nc3cc(C)ccc3C)nc2)cc1,0.8174787820788816,-6.108,-7.383,3.598647106900035,2.8685677610961187,0.8927623157655541,0.6428027038084463,375.4280000000001,4.480940000000002,28,80.32,0.21814285714285714
O=C(NC=NC(=O)OCc1c(F)cccc1F)NCc1cccc(F)c1,0.8186775068260681,-5.955,-7.341,3.352778698333668,3.2316057927909463,0.8927030564048131,0.6304570490816591,365.3110000000001,3.268200000000002,26,79.79,0.22903846153846155
COc1ccc([N+](=O)[O-])cc1N1C(=O)C(C)(C2CCS(=O)(=O)C2)NC1=S,0.81721968149849,-5.725,-7.051,3.5177724485816304,3.024346045015352,0.8908350626939081,0.4527532056999013,399.4500000000001,1.0178999999999996,26,118.85,0.2201923076923077
Cc1c(NC(=O)C(C)N)cccc1C(=O)OC(C)C(=O)Nc1ccc2c(c1)CCC2,0.8010940103796469,-6.843,-7.997,3.692226157753612,2.939198700326332,0.8871533218993998,0.6355032337942323,409.4860000000002,2.9534200000000013,30,110.52000000000001,0.2281
O=C(Nc1cccc(F)c1)c1cnc(Nc2ccc(O)cc2)c(Cl)c1,0.8103177557113338,-5.594,-7.221,3.5908390384421303,2.9977521578676254,0.8864562301591444,0.597578293498195,357.77200000000005,4.575600000000002,25,74.25,0.22376000000000001
FC(F)(F)c1ccnc(N2CCC(COc3ncccn3)CC2)n1,0.8122904920235309,-5.343,-7.284,3.34394587276768,3.311852804700112,0.8863651122457629,0.8530702129838751,339.3210000000001,2.5808,24,64.03,0.222625
Cc1sc(NC(=O)CN2CCC(C(=O)O)CC2)c(C(=O)OCc2ccccc2)c1C,0.8014857972538657,-6.551,-7.173,3.554295851501391,3.1772861060974664,0.8860274042499963,0.6533907943675852,430.5260000000002,3.457040000000002,30,95.94000000000001,0.21836666666666668
CC(C)Cc1nnc(NC(=O)c2ccc(NC(=O)c3ccccc3)cc2)s1,0.8058828546334914,-6.022,-6.689,3.6063108573721134,3.0346566527368464,0.8860099085236635,0.6698012210378358,380.47300000000007,4.241200000000003,27,83.97999999999999,0.22303703703703703
Cc1cc(C)c(SCC(=O)Nc2cc(C(F)(F)F)ccc2Cl)nn1,0.806346681890643,-5.828,-8.02,3.404947429843815,3.3104943739568564,0.8853663849997805,0.7994695519411409,375.803,4.496440000000002,24,54.88,0.24283333333333335
COC(=O)c1cc(Cl)c(Oc2ccc(C(=O)Nc3cccc(OC)c3)cc2S(C)(=O)=O)c(Cl)c1,0.8072698882388322,-5.682,-7.376,3.6713430784932095,2.8831545223938324,0.8851959300048623,0.42157829935021873,524.3780000000003,5.2367000000000035,34,108.0,0.16711764705882354
CC(CO)CCCCCOC(=O)c1ccccc1C(=O)O,0.8137818444345212,-4.627,-6.532,3.574478983012769,2.9757716646275125,0.8838307013646101,0.5401814010519089,294.34700000000004,2.7304000000000004,21,83.83,0.22033333333333333
CCC(CNC(=O)O)Oc1ccc(S(=O)(=O)Nc2ccc(F)cn2)cc1,0.8028738775381399,-5.805,-7.209,3.755691148111091,2.752477247862368,0.8833514140005558,0.6444471022173587,383.401,2.4465000000000012,26,117.61999999999999,0.22326923076923075
Cc1cccc(C(=O)Nc2ccc(NC(=O)c3cn[nH]c3)cc2)c1,0.7981092125788597,-6.041,-7.337,3.6777888737664095,3.014768481989953,0.8818137688863977,0.6895391230341138,320.35200000000003,3.2227200000000007,24,86.88,0.25170833333333337
Cc1cc(N2CCOCC2)cc(C)c1C(=O)NCC(CO)c1ccccc1,0.8020307137132151,-5.502,-7.416,3.6004762185022137,3.098358759085203,0.8814859582387593,0.8229100997236755,368.4770000000001,2.6459400000000004,27,61.8,0.20377777777777778
Cc1ccc(NC(=O)c2cc(C(F)(F)F)cc(C(F)(F)F)c2)cc1C#N,0.7972867370949167,-6.048,-8.485,3.5244816640181296,3.2680976117613127,0.8813914998593124,0.7409482603727867,372.26800000000003,5.156600000000003,26,52.89,0.2326153846153846
Cc1nc(Nc2ccc(NS(=O)(=O)c3ccccc3[N+](=O)[O-])cc2)cc(N2CCCC2)n1,0.7895200791190417,-6.588,-7.802,3.587778421251791,3.2725118792756125,0.8795575848178373,0.40672579615730664,454.5120000000003,3.8378200000000025,32,130.36,0.205875
NC(=O)CCC(=O)NCC(=O)OC(C(=O)Nc1ccccc1C(N)=O)c1ccccc1,0.7920054770463101,-6.158,-6.433,3.809338000230486,2.812351862765398,0.8789718786011588,0.4003028440524318,426.42900000000014,0.39020000000000177,31,170.68,0.19864516129032259
O=C(NC1CCCN(C(=O)CC2CCOCC2)C1)C1CC1,0.8023584493723366,-4.88,-7.149,3.672866727775458,2.9598608075380843,0.878781453297878,0.85053181655116,294.39500000000004,1.320299999999999,21,58.64,0.23238095238095238
Cc1nnc(SCC(=O)Nc2ccccc2C(=O)c2ccccc2)nc1N,0.7896641781265016,-6.208,-7.259,3.365532647293739,3.512496975087666,0.8779005692566109,0.5002288344842934,379.44500000000016,2.7240200000000003,27,110.86,0.22992592592592592
O=C(O)C1CCCC1C(=O)Nc1ccc(OC(F)(F)F)cc1,0.7923011602522011,-5.494,-6.637,3.809153449258772,2.80732274596278,0.876086117246566,0.8948256239904785,317.26300000000003,3.0246000000000013,22,75.63,0.24972727272727271
COc1ccc(C=NNc2nc3cc(C#N)c(=O)[nH]c3n2CC(=O)O)cc1,0.7870397521355601,-6.009,-7.894,3.268806968910829,3.6110088618002583,0.8755308738858735,0.4377837656745073,366.3370000000001,1.1354799999999998,27,145.39,0.22255555555555556
CC(C)(C)OC(=O)NC1(c2cccc(-c3cc(C(C)(F)F)on3)c2)CC1,0.788091900833193,-5.796,-6.763,3.709759291382664,3.0972931730787137,0.8751405648708419,0.8320810599624855,364.3920000000001,4.967100000000004,26,64.36,0.22292307692307695
O=C(Nc1ccc(F)c([N+](=O)[O-])c1)C1CCN(C(=O)c2ccc(F)cc2)C1,0.7850200625643009,-6.16,-7.863,3.841186535434071,2.8538467022599514,0.8750961966895525,0.6568093991183759,375.3310000000001,2.9738000000000016,27,92.54999999999998,0.22814814814814816
Cc1ccc(NC(=O)CSc2nnnn2C)cc1C(F)(F)F,0.7864634984236819,-5.976,-8.526,3.720703831266337,3.099491087259325,0.8750594113040826,0.8702710192665768,331.32300000000004,2.2681200000000006,22,72.70000000000002,0.2716363636363636
CC(C)(C)C(=O)c1ccc(NC=CC(=O)c2ccccc2F)cc1,0.7863380384472667,-5.794,-6.905,3.4414598646504646,3.4735012595362624,0.8741570768405192,0.630385016383505,325.38300000000004,4.863000000000004,24,46.17,0.24141666666666664
COC(=O)c1c(CS(=O)(=O)c2ccc(OC)cc2)[nH]c(C)c1C(=O)Nc1ccccn1,0.7840170640090555,-5.995,-7.124,3.727711630477873,3.1199350954787515,0.8737840764159295,0.5375198610973837,443.4810000000001,2.7395200000000006,31,127.45,0.19338709677419355
CC(Oc1ccccc1C(N)=O)C(=O)Nc1ccc(NC(=O)c2ccco2)cc1,0.783961532624112,-5.997,-7.002,3.5891873732085924,3.3324478990675903,0.873762260709943,0.5691511314014871,393.39900000000006,3.0368000000000013,29,123.66000000000001,0.20679310344827587
CCc1ccsc1C(=O)NC1CCC(C(=O)NC2CCS(=O)(=O)C2)CC1,0.7889971477512763,-5.21,-6.868,3.6977265988712578,3.106798995751094,0.8729525461166926,0.7923315257763663,398.55000000000024,1.9023999999999999,26,92.34,0.20038461538461538
COc1ccc(OC)c(NC(=O)COc2c(C)cc([N+](=O)[O-])cc2C)c1,0.7862823946168946,-5.354,-6.997,3.775976430011184,2.9909353052180845,0.872110213194061,0.6008700291951806,360.3660000000001,3.246340000000002,26,99.93,0.20592307692307693
Cc1nc(CN2CCC(Nc3cc(F)ncn3)C2C)no1,0.7863657987845847,-5.286,-6.309,3.8118822122410863,2.906026496782162,0.8718444802360606,0.8526287940568902,292.31800000000004,1.38202,21,79.97000000000001,0.25171428571428567
COc1ccc(C(=O)N2CCN(c3cccc(C(F)(F)F)c3)CC2)c(Cl)c1,0.7809947113143878,-5.87,-7.416,3.843212978745778,2.918623990855964,0.8715285413026292,0.7711405173335664,398.8120000000001,4.329800000000003,27,32.78,0.2174074074074074
CCC(C)OC(=O)c1ccccc1NC(=O)C1COc2c(cccc2OC)C1,0.7820858088453165,-5.715,-6.789,3.3042773793978006,3.625927329663406,0.8714296684494873,0.7674376510424586,383.4440000000002,3.8403000000000027,28,73.86,0.20410714285714285
CN(Cc1nc(COC(=O)CCc2ccnn2C)cs1)C(=O)OC(C)(C)C,0.7895422601411931,-4.8,-5.935,3.4499933333268924,3.434477689547568,0.871366032817719,0.67129474014854,394.4970000000001,2.919500000000001,27,86.55000000000001,0.17777777777777778
Cc1cc(C(=O)N2CCN(c3cccc(NC(=O)c4ccco4)c3)CC2)no1,0.7791588474317739,-6.039,-8.262,3.780744238903235,3.086028839787471,0.8712728505214719,0.7483083028974302,380.40400000000017,2.790720000000001,28,91.82000000000001,0.21567857142857141
CC(CNC(=O)C1CCCN(CCO)C1)Cn1ccccc1=O,0.7859023617029899,-4.999,-6.614,3.7881051991728,2.9698959577736046,0.8702699285349051,0.7576567940373522,321.421,0.3049000000000013,23,74.57000000000001,0.21734782608695652
Cc1noc(C)c1Cn1nnc(C(=O)NCCC(=O)O)c1C,0.7785449671165818,-5.87,-7.186,3.835747775858052,2.976736803951601,0.870160607040836,0.7934060755441419,307.31000000000006,0.44415999999999983,22,123.14,0.26681818181818184
Cc1cc(=O)ccn1-c1cccc(N2CCC(N)C2)n1,0.7857284867747278,-4.962,-7.323,3.682812783729306,3.175443433601046,0.8700036607682555,0.886582254751975,270.336,1.0783199999999997,20,64.15,0.2481
N#Cc1ccccc1NC(=O)c1ccc(COc2ccccc2C(F)(F)F)cc1,0.7760726693204607,-6.111,-7.242,3.620974730649193,3.375789537278649,0.8698724947466031,0.6274069357555284,396.368,5.408380000000003,29,62.120000000000005,0.21072413793103448
CCNC(=O)c1ccc(NC(=O)CC(C)(C)CC(=O)O)c(C)c1,0.7816959069595787,-5.417,-6.202,3.7788874023976944,3.0534875143022937,0.8698510137712995,0.7192596273503638,320.389,2.5742200000000004,23,95.50000000000001,0.23552173913043478
O=C(C1CC1n1ccnc1)N1CCC(n2c(=O)[nH]c3ncccc32)CC1,0.7812587878209635,-5.411,-7.235,3.790565656996327,3.0356055409094247,0.8695803472504218,0.7704383836920384,352.39800000000014,1.345799999999999,26,88.81,0.2081153846153846
COc1cccc(C(=NOc2cccnn2)C2CCCC(C(F)(F)F)C2)c1,0.7794389833622561,-5.622,-7.686,3.5932886051637998,3.3753130225210226,0.8695297956995811,0.5611146972762857,379.3820000000001,4.637000000000004,27,56.6,0.20822222222222223
NC(=O)CCCSc1nnc(Cc2ccccc2F)o1,0.7833191097911657,-5.015,-6.894,3.573406498007188,3.3591917182560453,0.868911854758038,0.6249588481954353,295.33900000000006,2.1571,20,82.01,0.25075
Fc1ccccc1CN1CCN(Cc2cc(-c3ccco3)on2)CC1,0.7743450091375313,-6.075,-7.555,3.535759324388469,3.490938126062964,0.8687404794634169,0.7117380124488205,341.3860000000001,3.3915000000000024,25,45.650000000000006,0.243
O=C1c2nonc2CCN1Cc1ccc([N+](=O)[O-])cc1,0.7775124523663873,-5.394,-7.292,3.814182087944937,3.0408585958574275,0.86741538933426,0.6146270434655996,274.236,1.1763,20,102.37,0.2697
COC(=O)c1ccc(CN(C)Cc2ccc([N+](=O)[O-])c(C)c2)o1,0.7783278270344881,-5.112,-6.539,3.84108851759498,2.967599198005014,0.8665824493603397,0.4622681038112541,318.32900000000006,2.9148200000000015,23,85.82,0.2222608695652174
CC(C)(C)c1cc(CC2C(=O)N(C3CCC(=O)NC3=O)CC(=O)N2CCc2ccc(C#N)cc2)cc(C(C)(F)F)c1,0.7704726359403217,-5.855,-7.501,3.951520466858295,2.8051786039395075,0.86556980161631,0.5170923070870742,564.6330000000004,3.597280000000003,41,110.58000000000001,0.1428048780487805
Cc1nn(C(C)C(=O)Nc2nc(-c3ccc(CO)cc3)cs2)c(C)c1C,0.7697750618244726,-5.911,-6.706,3.955946915720684,2.8048395676045352,0.8654313311279467,0.7187227564708197,370.47800000000007,3.6238600000000023,26,80.04,0.22734615384615384
C=CCn1c(C)nnc1SCC(=O)Nc1ccc(Cl)c(C(F)(F)F)c1,0.7748846007251822,-5.268,-7.803,3.446264934679282,3.572138435167372,0.8653744723983496,0.593578306067661,390.81800000000004,4.175520000000002,25,59.81,0.21072
O=C(NCc1ccccc1N1CCN(C(=O)Cc2ccc[nH]2)CC1)c1ccco1,0.7702232413615939,-5.754,-7.525,3.923693540530402,2.891592986573317,0.8649722567391093,0.6751255464791762,392.45900000000006,2.4290000000000003,29,81.58,0.19841379310344825
CC1Cc2cc(S(C)(=O)=O)ccc2N1CC(=O)N(C)Cc1ccccc1F,0.7635536852832675,-6.34,-7.317,3.937053847739448,2.968811209895301,0.863858335198485,0.7876281014746581,390.4800000000001,2.6388000000000007,27,57.690000000000005,0.2348148148148148
O=C(C=Cc1ccc(-c2cc3ccccc3[nH]c2=O)o1)Nc1ccc(Br)cc1,0.7565045802810274,-7.202,-8.369,3.745575256218996,3.414857244454005,0.8637113241616301,0.4328555514258587,435.2770000000001,5.202500000000002,28,75.1,0.25721428571428573
Cc1noc(COC(=O)c2ccc3nc(C)[nH]c(=O)c3c2)n1,0.7653465135087603,-5.862,-8.282,3.849196409641887,3.1406924395744324,0.862717178639678,0.7250318072098157,300.27400000000006,1.2799399999999999,22,110.96999999999998,0.26645454545454544
CCc1cc2ccc(OC(=O)c3ccccc3F)cc2oc1=O,0.7590735247502036,-6.284,-7.897,3.8227766086968775,3.2687841776415887,0.8610691327848969,0.42009308535819073,312.29600000000005,3.713700000000002,23,56.51,0.2732173913043478
COc1ccccc1-c1ccc2c(=O)c3c(oc2c1)CN(Cc1ccco1)C3=O,0.7564832843107944,-6.385,-7.802,3.9379172159912152,3.075931566208845,0.8600508278093794,0.5242776815621227,387.39100000000013,4.217600000000004,29,72.89,0.22017241379310343
Cc1cccc(NC(=O)Cc2ccc(CSCC(=O)O)cc2)n1,0.760640587636832,-5.67,-7.077,3.919760962099602,3.056319518636754,0.8591964252687943,0.8158731309471307,330.40900000000005,2.8890200000000004,23,79.29,0.2465217391304348
Cc1cc(CN(C)CC2CCC(=O)N2)cc2cc(C(=O)O)oc12,0.7565330425328012,-5.994,-6.92,4.036941044900209,2.8011451229809565,0.8583275453002819,0.8829446190935825,316.357,2.1498199999999996,23,82.78,0.2606086956521739
Cc1cnn(CCC(=O)Nc2sc(C(=O)OCC3CC3)cc2C)c1,0.7600515509432126,-5.548,-6.273,3.984165910200025,2.8997687838860524,0.8583142223749474,0.7809763382313061,347.4400000000001,3.157040000000001,24,73.22,0.23116666666666666
CC(Nc1ccnc(C(N)=O)c1)c1ccc(S(=O)(=O)N(C)C)cc1,0.7599378281846038,-5.446,-7.217,4.025700684352974,2.771013713426911,0.857790387399925,0.8247959788121826,348.42800000000005,1.6038999999999999,24,105.38999999999997,0.22691666666666666
N#Cc1ccccc1OC(=O)NCCOCCN,0.7662400378872279,-4.66,-6.044,3.852213259932528,3.122437829645292,0.8577751347684643,0.7202106386730615,249.26999999999992,0.6219799999999999,18,97.36999999999999,0.2588888888888889
Cc1cccc(OC(C)C(=O)Nc2ccc(Cl)cn2)c1C,0.7604037340392028,-5.186,-6.883,3.6129619427832336,3.5378674367477374,0.8568802408845796,0.9354445128964792,304.77700000000004,3.7578400000000016,21,51.22,0.24695238095238095
CCOC(=O)C(C)CN1C(=O)c2ccc(Sc3nc(C)cc(=O)[nH]3)cc2C1=O,0.761407729463149,-4.987,-7.074,3.910953208618072,3.065123488540062,0.8565462255005397,0.44794434389527943,401.44400000000013,2.02472,28,109.42999999999998,0.17810714285714285
COc1cccc(N2CCN(C(=O)C(C)Oc3cc(C)cc(C)c3)CC2)c1,0.7555386751866665,-5.664,-7.657,3.932158440347997,3.102591175130878,0.8562831607249667,0.8109024809387486,368.47700000000015,3.4281400000000026,27,42.010000000000005,0.20977777777777776
O=C(OC1CCN(c2ccc(C(F)(F)F)nn2)C1)c1ccco1,0.7560090969619586,-5.604,-7.274,3.8841332366436654,3.19565423661572,0.8562802223827743,0.8070996997134519,327.26200000000006,2.5241000000000007,23,68.46000000000001,0.24365217391304347
c1ccc(CCN2CCC(CC3CCOc4nccnc43)C2)nc1,0.7548175014232572,-5.619,-6.983,4.040452821157549,2.823052426009833,0.8556724591446911,0.8462235051762056,324.42800000000005,2.692400000000001,24,51.14,0.234125
COC(=O)c1cc(F)ccc1N1CCC(C(=O)NOC2CCCCO2)CC1,0.7554959127777825,-5.524,-6.553,3.904690128550536,3.161608609553055,0.8556302438746708,0.624445303986732,380.4160000000003,2.4031000000000002,27,77.10000000000001,0.2045925925925926
COc1ccc(C2(c3nn(CN4CCN(S(=O)(=O)c5ccccc5Cl)CC4)c(=S)o3)CC2)cc1,0.7482712996117072,-6.352,-8.255,3.999728990819253,3.0510414615340777,0.8552230761621809,0.4367644549515466,521.0640000000003,3.9114900000000032,34,80.81,0.18682352941176472
Cc1ccnc(NS(=O)(=O)c2ccc(NC(=S)Nc3cccc(Cl)c3)cc2)c1,0.7498447060015231,-6.062,-8.009,4.038066864230952,2.921891681770562,0.8548285093562406,0.5086988366552971,432.9580000000001,4.653120000000002,28,83.12,0.2165
COc1ccccc1N1C(=O)CC(Nc2cc([N+](=O)[O-])c(N(C)C)s2)C1=O,0.7518340937904066,-5.583,-6.557,4.045932401808018,2.862010831565806,0.8538185035553127,0.4588192537076084,390.42100000000016,2.4749,27,105.01999999999998,0.20677777777777778
CCNC(=NCc1c(C)ncn1C)NC1CCC(C(=O)O)C1,0.7530542308630427,-5.357,-6.317,4.002807639644954,2.9671435758992195,0.8534971507993632,0.5582327064541349,307.3980000000001,1.0369199999999996,22,91.54,0.24350000000000002
Cc1nn(C)c(C)c1NC(=O)c1ccoc1C(=O)OCC(=O)NCC(=O)Nc1cccc(Cl)c1C,0.7473026282845365,-6.079,-8.762,3.894806028546223,3.283924024699721,0.8534540215567312,0.4022638219151508,501.92700000000025,2.7557600000000004,35,144.56,0.17368571428571428
COc1cccc2c1ccn2Cc1cc(C)c(C(=O)O)s1,0.7521674995117323,-5.395,-6.933,3.675526356863735,3.544084790182085,0.8531649623105413,0.7978486363171775,301.36699999999996,3.766320000000002,21,51.46,0.25690476190476186
N#Cc1ccccc1N1CCN(C(=O)c2ccc(Cn3cccn3)o2)CC1,0.7511700833135682,-5.467,-7.915,3.880105282076764,3.263694072672866,0.8529217748367156,0.7127777942705066,361.4050000000001,2.35848,27,78.3,0.20248148148148146
Cc1cc(CC(C)C)nc(SCc2nc3ccccc3c(=O)[nH]2)n1,0.7484539100921979,-5.803,-6.05,3.678127920559587,3.5747601318130418,0.8528798000076264,0.5682828130015839,340.45200000000006,3.5123200000000017,24,71.53,0.24179166666666665
CCOC1CCC2(CCCN(c3sc(C(C)=O)c(C)c3C#N)C2)C1,0.7554528721216538,-4.86,-6.456,3.900636614707913,3.170392720153135,0.8526178831477186,0.7625553025411095,346.49600000000015,4.306400000000004,24,53.33,0.2025
COc1ccc(Cl)c(-c2nc(NC(=O)c3oc4ccccc4c3C)no2)c1,0.7397944564484649,-6.767,-8.31,4.081624186521831,2.967072125850668,0.8521999142351192,0.5486588207243355,383.7910000000001,4.705520000000003,27,90.39,0.25062962962962965
O=C(O)c1cc(-c2ccc(OC(=O)c3c(F)cccc3Cl)cc2F)on1,0.7419030535398371,-6.481,-7.304,4.100560083695884,2.8713933899763715,0.852147656040725,0.5397121632937211,379.70200000000006,4.190600000000002,26,89.63000000000001,0.24926923076923077
COc1ncccc1CNC(=O)c1cc(Br)c(Cl)c([N+](=O)[O-])c1,0.7530546742139254,-4.994,-7.575,4.025585299059006,2.9022753143008324,0.8518663635451501,0.6133786178232931,400.6160000000001,3.3443000000000023,23,94.36,0.21713043478260868
COc1ccc2nc(C(=O)N(C)Cc3ncc(C(C)(C)C)[nH]3)[nH]c2c1,0.7466650542914438,-5.754,-6.841,4.011626104212604,3.045839457358184,0.8516414316040811,0.7637625768920552,341.415,2.8643,25,86.9,0.23015999999999998
Cc1cnn(Cc2ccc(C(=O)Nc3cnn(C)c3C)o2)c1,0.7490148176052991,-5.428,-6.892,3.976911992991546,3.09477527455549,0.8515227746330475,0.8002010277041542,299.33400000000006,2.12704,22,77.88000000000001,0.2467272727272727
CN(CCNC(=O)OC(C)(C)C)c1ccc(C(=O)c2ccccc2O)cc1,0.745577390967682,-5.801,-6.965,3.983971510942315,3.1277279293442386,0.8512303813126045,0.7600101410849338,370.449,3.584100000000002,27,78.87,0.21485185185185185
CCC(=O)Nc1sc(NC(=O)Cn2c(C)nc3ccc(C)nc32)nc1C,0.7476554710357296,-5.484,-7.462,4.031733250104724,2.977103458061207,0.8510000791114727,0.7169416179273274,372.4540000000001,2.8002600000000006,26,101.80000000000001,0.21092307692307694
COC(=O)c1ccc(C)c(NC(=O)CSc2nnc(NCc3ccco3)s2)c1,0.7457041479541598,-5.693,-8.083,3.935399979671697,3.227921312547751,0.8508212922619822,0.42237276696222337,418.5000000000001,3.569020000000002,28,106.35,0.20332142857142857
Cc1c(Br)c(C(F)(F)F)nn1CC(=O)N1Cc2nc3ccccc3nc2C(C)C1,0.7394905772948657,-6.328,-8.769,3.832313400545419,3.4677411956488347,0.8500841730423542,0.5694130931073154,468.2770000000002,4.061920000000003,29,63.910000000000004,0.21820689655172415
CNC(=O)c1ccc(Nc2nccc(-c3c(C)noc3C)n2)s1,0.746958805335555,-5.237,-7.566,3.991559720209633,3.0903938260357684,0.849499257787852,0.7642992157167674,329.38500000000005,2.913140000000001,23,92.94,0.22769565217391305
O=C(C1CC1)N1CCc2c(ncnc2Nc2nccs2)C1,0.7484057875841289,-4.93,-6.523,3.742092195550504,3.500015714250437,0.848945848907059,0.9382405449031292,301.3750000000001,1.9714,21,71.01,0.23476190476190475
COc1ccccc1Nc1nnc(NC(=O)c2ccc(F)c(Cl)c2)s1,0.7379064013786075,-6.273,-7.267,3.9111567342667306,3.3640719373996744,0.8489299458780839,0.6904632236115128,378.81600000000003,4.3351000000000015,25,76.14,0.25092
Cn1nccc1CN1CCc2c(cnc3[nH]c(=O)n(C)c23)C1,0.7432101886141391,-5.502,-7.306,4.088507429368326,2.886117461227107,0.8485466553217416,0.7499356898132541,298.3500000000001,0.5533999999999997,22,71.74000000000001,0.2500909090909091
CCCN(CCC)C(=O)CN1CC(CC(=O)O)C(c2ccc(F)cc2)C1,0.7438856438892554,-5.337,-6.66,3.644604916859988,3.649368575520976,0.848196254108868,0.731800681413954,364.46100000000007,2.9644000000000013,26,60.85000000000001,0.20526923076923076
Cc1ccc(Nc2ccc(NC(=O)c3ccc(C)cc3)nn2)cc1,0.7347211304115248,-6.517,-7.2,3.624077675768,3.742754466966809,0.8481717295956109,0.7601234873523421,318.38,4.089340000000002,24,66.91,0.2715416666666667
NCCOc1ccc(NC(=O)NCC(O)c2ccccc2)cc1,0.7416030704948389,-5.52,-6.722,4.011614263610099,3.1206930320042696,0.8477088290157225,0.6270124034942003,315.373,1.8791999999999993,23,96.61,0.24
COCCONS(=O)(=O)Cc1cccc(CN)c1,0.7484237375124492,-4.629,-5.996,3.98256876902333,3.0901677947969097,0.847604913321552,0.5196998171359932,274.342,0.14270000000000038,18,90.64999999999999,0.25716666666666665
COc1cccc(C(=O)NCC2Cc3cnnn3CC(N)C2)c1,0.746646184882709,-4.731,-5.272,4.067579624297477,2.8894044369039102,0.8470553080514723,0.8615997721282812,315.37700000000007,0.6063999999999999,23,95.05999999999999,0.20569565217391303
Cc1ccc(NC(=O)COc2ccc(S(=O)(=O)NCC(C)C)cc2)nc1,0.7411874998709821,-5.425,-7.173,4.118758793617319,2.8235808824965507,0.8470484635776248,0.7358630493068158,377.4660000000001,2.3418200000000002,26,97.39,0.20865384615384613
Cc1ccnc(NC(=O)c2ccc(OCC(=O)NC3CC3)cc2)c1,0.7376236128057071,-5.832,-7.519,4.081802175510225,3.0025144462600006,0.8468151597356479,0.8538362844737452,325.3680000000001,2.2997200000000007,24,80.32,0.243
CCN(C(C)C(=O)NCC(=O)NC)S(=O)(=O)c1cccc(C(F)(F)F)c1,0.743055433805117,-5.082,-6.886,4.041883842962338,3.023919311092807,0.8465848748571229,0.7191568772404936,395.403,0.9667000000000002,26,95.58000000000001,0.19546153846153846
Cn1cc([N+](=O)[O-])cc1C(=O)Nc1cnn(CC(C)(O)c2ccc(Cl)cc2)c1,0.7350100228159508,-6.054,-6.958,4.1047225241178005,2.9802813625562257,0.8462950959381627,0.48462909762487544,403.82600000000014,2.943200000000001,28,115.21999999999998,0.21621428571428572
O=C(CN1C(=O)C2(CC2)c2ccccc21)N1CCC2CNCC2C1,0.7341934510400934,-6.103,-6.923,4.011375948474538,3.2218238623487787,0.8460412282435847,0.8868843046918041,325.4120000000001,1.1326999999999996,24,52.650000000000006,0.25429166666666664
Cc1nc(CN(C)C2CC(C)N(Cc3noc(C)n3)C2)n[nH]1,0.7412170648666119,-5.188,-7.558,4.088486639332456,2.9220629698895952,0.8460095960771825,0.8777548539747884,305.386,0.89934,22,86.97,0.23581818181818182
NC(=O)c1cc(Oc2ccc(NC(=O)CCNC(=O)C3CC3)cc2)ccn1,0.7389017622586574,-5.451,-7.866,3.9738395790469454,3.2382052127683325,0.8458569155909543,0.655727376823628,368.3930000000001,1.8275999999999994,27,123.41000000000001,0.20188888888888887
Cc1[nH]n(C2CNC(C)(C)C2)c(=O)c1C=C1NC(=O)NC1=O,0.7357250904411077,-5.694,-6.796,4.131772743024476,2.883831652506782,0.845113676597309,0.45463332103845394,305.338,-0.02188000000000001,22,108.02000000000001,0.25881818181818184
O=C(Oc1ccc2c(c1)C(=O)N(C1CCCCC1O)C2=O)c1ccccc1,0.7291719010704053,-6.482,-7.747,3.9037749678996607,3.4685398945377584,0.844808926711194,0.513660671582029,365.385,2.805300000000001,27,83.91,0.24007407407407408
CCOC(=O)c1cc2cc(SCC3CCCCC3)ccc2o1,0.7367451772232424,-5.356,-7.353,4.075250421753245,3.0344984758605498,0.8441999379236993,0.5550504475271075,318.438,5.281900000000005,22,39.44,0.24345454545454545
Cc1cccc(C)c1NC(=O)CNc1ccc(NC(=O)C2CCCCC2)cc1,0.7309334063236393,-6.035,-8.197,3.795860640223769,3.5960451888150686,0.8438611865785217,0.6703001191157876,379.50400000000025,4.872840000000004,28,70.23,0.2155357142857143
Cc1cc(-n2c(C)cc(C(=O)COC(=O)c3ccc(=O)[nH]c3)c2C)no1,0.7301875594330048,-6.055,-7.47,4.038897498080385,3.215631353249312,0.8435186240444122,0.5547798903378252,355.35,2.1185599999999996,26,107.19,0.23288461538461538
C#CCCC(N)C(=O)Nc1ccc(NC(=O)CC)cc1,0.7376714985610665,-5.069,-6.221,4.050950505745534,3.083210015551973,0.8434544185720225,0.6898484234207986,273.336,1.7142999999999993,20,84.22,0.25345
Cc1nnc(-c2nc(C)c(CC(=O)OC(C)C(=O)NCc3ccco3)s2)o1,0.7328113258089053,-5.662,-7.423,4.047082652973621,3.162178679328541,0.8432970597369149,0.6096202437896289,390.42100000000005,2.1935399999999996,27,120.35,0.2097037037037037
O=C(Nc1ccccc1F)c1cccc(N2CCN(c3nccs3)CC2)c1,0.730644422948995,-5.884,-7.96,3.847797941680409,3.532986272263168,0.8430287945458146,0.7444102160980918,382.46400000000006,3.861100000000002,27,48.470000000000006,0.21792592592592594
CCC(C)N(C(=O)CCc1ccc(S(=O)(=O)N(C)C)cc1)C(CC)C(=O)NC1CCCC1,0.7353083732539049,-5.255,-6.21,4.0986958901582335,2.99271348444852,0.8429282258870808,0.543036315988559,465.66000000000037,3.3340000000000014,32,86.79,0.16421875
CC(=O)N1CCCC1C(=O)N1CCN(c2cccc(C(F)(F)F)c2)CC1,0.7328355339750042,-5.541,-7.538,4.057750238740674,3.136977844996678,0.842775857697397,0.8040074666426058,369.3870000000001,2.3648999999999996,26,43.86000000000001,0.21311538461538462
Cc1cccc(NC(=O)N2CCN(C(=O)CN(Cc3ccco3)C3CC3)CC2)c1,0.7348818540046385,-5.274,-7.299,4.068137780360935,3.0816698395512785,0.8427680133004951,0.8151917323063054,396.49100000000016,2.928720000000001,29,69.03,0.18186206896551724
CCCn1c(-c2ccc3c(c2)c(C)nn3C)nc2c(=O)n(Cc3ccccn3)cnc21,0.7298084231521472,-5.866,-7.429,4.073106185701522,3.1433237186137872,0.8424670338516341,0.4414134566098269,413.4850000000001,3.3084200000000017,31,83.42,0.18922580645161288
COc1ccc(CC(=O)Nc2ccc(NCc3ccc(F)cc3)nn2)cc1,0.7255412252115717,-6.328,-7.548,4.140393821848352,3.032856079671438,0.8420282363974104,0.670084746424144,366.396,3.417600000000001,27,76.14,0.23437037037037037
Cc1ccnc(Nc2ncc3cc(NCc4ccc(C)o4)nnc3n2)c1,0.7259272017387592,-6.138,-7.952,4.098186672175879,3.1379427974391128,0.8414186180995201,0.5663717562709888,347.3820000000001,3.3803400000000012,26,101.65,0.23607692307692307
Cc1nc(COc2ccc(Nc3ncc4cccc(Cl)c4n3)cc2)no1,0.7253392715497304,-6.183,-7.877,4.172006351864771,2.941239874610707,0.841275232656648,0.5624056797658555,367.7960000000001,4.297220000000003,26,85.96,0.2378076923076923
Cc1ccc(CCNC(=O)CCc2nnc(NC(=O)c3ccn[nH]3)o2)cc1,0.7235254731289196,-6.35,-8.085,4.000594455827783,3.3713151736377296,0.8409540350399486,0.5548906513162805,368.39700000000005,1.6449199999999997,27,125.8,0.23518518518518516
O=C(OCc1ccco1)c1cnc(-c2ccon2)n1-c1ccccc1Cl,0.7308088939701711,-5.33,-6.74,4.116045067780478,3.0169022191645523,0.8406770285103529,0.49168957756767845,369.764,4.130700000000002,26,83.28999999999999,0.20500000000000002
CCCNC(C#N)C(C)=Cc1c(C)nn(-c2ccccn2)c1C,0.7299618130546788,-5.018,-6.558,4.092439492527653,3.0933978082361144,0.8388094397778335,0.8896933326433748,309.41700000000003,3.1792200000000017,23,66.53,0.21817391304347825
CC(c1cccc(Oc2ccccc2)c1)N1CCN(c2cccc(Cl)c2)CC1,0.722293013820496,-6.008,-7.97,4.031173650439782,3.329274095054358,0.8387404138471385,0.5279489841135814,392.9300000000002,6.015500000000006,28,15.71,0.21457142857142858
Cc1noc(CNCc2ccc3nnc(Cc4ccccc4)n3c2)n1,0.7209003617927024,-6.13,-7.914,4.193559228149758,2.9504477626285808,0.8384652708622119,0.58260369533655,334.38300000000004,2.3013200000000005,25,81.14,0.2452
FC(F)(F)Oc1ccc(-c2cccc(-n3ccnc3)c2)nn1,0.7237392691747083,-5.645,-7.647,3.7025356176544735,3.755882985397708,0.837986184424193,0.7452664904295666,306.247,3.2279000000000027,22,52.83,0.2565909090909091
Cn1cccc(-n2c(SCC(=O)Nc3ccccc3F)nnc2-c2ccco2)c1=O,0.7214827948834055,-5.91,-7.342,3.977779782743132,3.43266834984098,0.8378406236497498,0.47722877885181847,425.44500000000016,3.095900000000001,30,94.95000000000002,0.197
COc1cc(Br)cc(C(=O)NN=Cc2cc(Cl)c(Cl)cc2Cl)c1,0.724173990921048,-5.459,-7.35,4.143524345288682,3.0458102370305347,0.8374198845658517,0.4078277775508286,436.5200000000001,5.181800000000002,23,50.69,0.2373478260869565
CCCn1c(NC(=O)c2ncoc2Cc2cc(=O)[nH][nH]2)nc2ccccc21,0.7195133562925576,-5.97,-8.459,4.206313112453708,2.9335161496061346,0.8369587768825887,0.48325403390022714,366.381,2.2938,27,121.59999999999998,0.2211111111111111
CC(=O)Nc1ccc(Nc2cc(NCCc3ccccc3C(C)C)ncn2)cc1,0.7222475050541242,-5.568,-7.415,3.824411719467452,3.63879719138069,0.8367840545930919,0.5075824863204805,389.5030000000001,4.9566000000000034,29,78.94000000000001,0.19199999999999998
Cc1ccnc(NC(=O)c2ccc(OCC3CCCNC3)c(F)c2)c1,0.719859472511006,-5.88,-7.17,4.214336128027758,2.900060171789544,0.8367662350365885,0.8753079613283862,343.40200000000004,3.1598200000000016,25,63.25,0.2352
CC(=O)Nc1cccc(C(C)N2CCN(C(=O)C3CCC3)CC2)c1,0.7219851299859061,-5.447,-7.398,4.17570077950995,2.9876701625179445,0.8361006323817622,0.923804916632246,329.4440000000002,2.6503000000000005,24,52.650000000000006,0.22695833333333335
Cc1n[nH]c(C)c1S(=O)(=O)N1CCc2cc(C(=O)N(C(C)C)C(C)C)ccc21,0.7212078591344001,-5.432,-7.07,4.181384818454288,2.983429067365268,0.8355845826822899,0.829829387256306,404.5360000000001,3.0369400000000013,28,86.36999999999999,0.194
Cc1ccc(C(=O)Nc2ccc(C(=O)Nc3ccc(Cl)nc3)cc2)cc1,0.7157372278609044,-6.148,-7.165,4.233573549615028,2.9101802349682764,0.8355357559517367,0.666200089805637,365.82000000000005,4.548020000000003,26,71.09,0.23646153846153845
Cc1ccn(C2CCCC2)c(=O)c1C(=O)Nc1ccc2c(c1)OCCO2,0.7142367460329173,-6.341,-7.127,4.260495980516822,2.841325394952152,0.8354993088814395,0.9181686911630698,354.4060000000002,3.295320000000001,26,69.56,0.2438846153846154
Cc1cn(C2CC(O)C(COP(N)(=O)Oc3ccccc3)O2)c(=O)[nH]c1=O,0.7133804954980432,-6.356,-7.198,3.775984374967672,3.7650138113956495,0.8350635437126103,0.6026262863284132,397.32400000000007,0.6558200000000001,27,145.86999999999998,0.2354074074074074
Cn1nnc(C(=O)N2CCCC(Cc3ccn[nH]3)C2)c1C1CC1,0.7208481293334433,-5.325,-7.562,4.151879213079301,3.0746557530884657,0.8349062882394531,0.9274649654575304,314.39300000000014,1.5104999999999993,23,79.7,0.23152173913043478
N#Cc1ccc(OCC(=O)Nc2ccc(Oc3cccc(Cl)c3)cc2)cc1,0.7156759343695054,-5.981,-8.408,4.117761163545064,3.232481709151656,0.8347718741599177,0.6531867140362522,378.81500000000005,5.021480000000003,27,71.35,0.2215185185185185
O=c1cc(N2CCC(NS(=O)(=O)c3cccc(C(F)(F)F)c3)C2)cn[nH]1,0.713993148444169,-6.107,-8.37,4.122495482107896,3.243879313414725,0.8343386479852842,0.8244808585686753,388.37100000000004,1.3459,26,95.16,0.2348846153846154
Cc1cc(-c2ccccc2)nc2c(C(=O)N3CCC3CC(=O)Nc3cc(C(F)(F)F)[nH]n3)cnn12,0.7090371662743581,-6.64,-9.409,4.140364355947433,3.2681531481862964,0.8337472499142452,0.45023239626017686,483.45400000000006,3.6899200000000008,35,108.28,0.1897142857142857
CC(c1ccccc1)N1CCN(C(=O)c2ccc(Cl)c(N)c2)CC1,0.7190071336897619,-5.267,-6.92,3.663442097263173,3.8272635132689774,0.8335849749984606,0.8683934698746809,343.8580000000001,3.441200000000001,24,49.57,0.21945833333333334
Cc1ccc(C)c(NC(=O)C(=O)Nc2cccc(C(F)(F)F)c2)c1,0.7131476613507397,-5.974,-8.036,3.738539019456664,3.8033708733175104,0.8332655883532472,0.8173650881307658,336.313,3.899440000000002,24,58.2,0.24891666666666667
CCC(C)NC(=O)c1nnn(C(C)(C)C(=O)Nc2ccccc2C#N)c1C,0.7124552344198457,-6.06,-7.296,4.085762719493142,3.3398240971643998,0.8332351629776165,0.812558299014419,368.4410000000001,2.3602999999999996,27,112.69999999999999,0.22444444444444442
COc1cc(CN2CCC(NC(=O)c3cc4ccccc4[nH]c3=O)CC2)ccc1O,0.7093296824511257,-6.468,-8.298,4.209629674923912,3.092413458772937,0.83317454371306,0.6044866512080903,407.4700000000002,2.6367000000000007,30,94.66000000000001,0.21559999999999999
CCOC(=O)C(C)Oc1ccc(C=Nc2ccccn2)cc1OC,0.7206985311154499,-4.868,-6.336,4.161906534270081,3.0491705429509848,0.8328100090206979,0.5765742840059507,328.3680000000001,3.1712000000000016,24,70.01,0.20283333333333334
COCCN(C)c1ccc(NC(=O)OCC2c3ccccc3-c3ccccc32)cn1,0.7144468391633924,-5.681,-7.353,3.776306528871829,3.7562752827768096,0.8327463062668048,0.6281601439296097,403.4820000000001,4.525200000000003,30,63.69,0.18936666666666666
CC1(C)CC1NC(=O)C=Cc1ncc(N)nc1N,0.719559865633867,-4.991,-7.059,3.837559380648071,3.6465991005318914,0.8326927878088284,0.6767593555406146,247.302,0.5689000000000002,18,106.92,0.27727777777777773
Cc1nccn1CCOCCCC(C)(C(=O)O)C(C)C,0.7221797937263811,-4.554,-6.213,4.193174215317079,2.9289153282401323,0.8322803735180261,0.7072940420503027,282.384,2.735220000000001,20,64.35000000000001,0.2277
CCn1cc(C(C)NC(=O)CN2CC(C)OC(C)C2)c(C)n1,0.7187294930827264,-4.957,-7.05,4.1709673937828855,3.054702767864657,0.8320627793219045,0.8953336303423953,308.42600000000004,1.4978199999999997,22,59.39,0.2253181818181818
CC(NC(=O)c1ccc2c(c1)OCO2)c1ccc(OCc2ccccc2F)cc1,0.7051561476220066,-6.717,-7.612,4.199707251702195,3.1801160356188256,0.8317944734861835,0.6637557484014772,393.4140000000001,4.624400000000004,29,56.790000000000006,0.2316206896551724
CC(C)CCn1ncc(Nc2ccc(S(=O)(=O)N(C)C)cc2)cc1=O,0.7140390766301921,-5.46,-6.572,4.22869116867146,2.957347629211013,0.831543702984021,0.8147232657821435,364.4710000000001,2.2833000000000006,25,84.30000000000001,0.2184
CCCCOc1ccccc1C=NN=C1NC(=O)C(CC(=O)O)S1,0.7162355200538274,-5.165,-7.011,4.215368548537601,2.9620729228025438,0.8315299124077631,0.4258706924222156,349.4120000000001,2.2617,24,100.35000000000001,0.21520833333333333
NS(=O)(=O)c1ccc(CCC(=O)Nc2cccc(C=Cc3nnn[nH]3)c2)cc1,0.7052368630391078,-6.566,-8.01,4.288208250540078,2.913339835995794,0.831190510302809,0.5511794795277237,398.44800000000004,1.5887999999999993,28,143.72,0.2345
Cc1ccc(CN(C)C(=O)COC(=O)Cn2cc(C(F)(F)F)ccc2=O)cc1,0.7113139108151799,-5.737,-7.452,4.175993055549781,3.152802087033056,0.8311623206057956,0.7034675105834405,396.365,2.37732,28,68.61,0.20489285714285715
CC(C)Cc1noc(Cn2cc(C(=O)N3c4ncccc4NC(=O)C3C)nn2)n1,0.7083241804212371,-6.027,-7.5,4.273051134727971,2.909669568868604,0.8306728110492931,0.6822113587301716,396.4110000000001,1.2902999999999998,29,131.93,0.20782758620689656
O=C(O)N1CCN(CCCc2cccc3c(F)ccc(F)c23)CC1,0.7084555072387994,-5.976,-7.405,4.271418616806364,2.913018537531129,0.8305285093162049,0.9324786171189449,334.3660000000001,3.3462000000000023,24,43.78,0.249
NC(=O)Cc1nc(NC(=O)c2nc3ccc(-c4ccccc4)cc3s2)n[nH]1,0.70379159057496,-6.606,-7.723,4.320102892293191,2.8200540774956777,0.8305108494710004,0.4912508634209607,378.41700000000003,2.3614999999999995,27,126.65,0.24466666666666667
Fc1ccc(CNc2cc(Cl)nc(-c3nnnn3C3CC3)n2)nc1,0.7111194901442986,-5.612,-7.792,4.159933773511304,3.195419534270892,0.8305043633099557,0.707892847220433,346.7570000000001,2.2645999999999997,24,94.30000000000001,0.23383333333333334
Cc1ccc(C)c(S(=O)(=O)n2cc(CN(C(=O)O)C3=CC=CCC=C3)c(C)n2)c1,0.7165652034219149,-4.769,-6.343,4.192476475783733,3.0272340510769893,0.8299836859446261,0.8018358929073618,413.49900000000014,3.925360000000003,29,92.5,0.16444827586206898
Cc1ccc(NC(=O)c2ccc(N3CCN(C(=O)OCc4ccccc4)CC3)cc2N(C)S(C)(=O)=O)cc1,0.7045103324661289,-6.375,-7.978,4.24883913557574,3.054824872230812,0.8299377810675439,0.4882067585771409,536.6540000000003,4.101920000000003,38,99.25999999999999,0.16776315789473684
Cc1ccnc(NS(=O)(=O)c2cccc(NC(=O)c3nc(Cl)ccc3Cl)c2)c1,0.7021855973830788,-6.662,-7.783,4.193124014383547,3.236915043679708,0.8298038572685209,0.5845257775940716,437.3080000000001,4.144920000000003,28,101.05,0.23792857142857143
CC(c1nc2ccccc2[nH]1)N(C)CCc1ccncc1,0.7113751293691893,-5.346,-6.704,4.181230680074946,3.138402619167912,0.8294938318440019,0.7803371160511119,280.37499999999994,3.1934000000000022,21,44.81,0.25457142857142856
CC(=O)c1c(C)nn(CCC(N)c2cccnc2)c1C,0.7129224360163748,-5.113,-6.434,4.082394762881218,3.340912899193872,0.8293771031429121,0.8466290129120316,272.35200000000003,2.18764,20,73.8,0.25565000000000004
CC1(C#N)CCCC2(C)C3=C(F)C=CC4=C(CC5OC(O4)C(O)C(O)C5O)C3CCC12,0.7188984191244915,-4.224,-5.888,4.175660666289827,3.038611854120233,0.8289326139613288,0.5449040500030401,431.50400000000013,3.0080800000000014,31,102.94000000000001,0.13625806451612904
Cc1cccc(Nc2ccc(C(=O)Nc3ccc(O)cc3)nn2)c1C,0.7044326069549731,-5.953,-7.443,4.280358629834653,2.955538867956231,0.8280675728698698,0.6318573889130323,334.3790000000001,3.7949400000000013,25,87.14,0.23812
CN(C(=O)Cn1ccc2cc(C(=N)N)ccc21)C1CC1,0.7078775945378156,-5.487,-6.443,4.16570210168706,3.2256329611411148,0.8280656491030169,0.6530113937167197,270.33600000000007,1.5461699999999996,20,75.11,0.27435
CCc1cccc(C)c1NC(=O)CSc1nnc(CCC(=O)O)n1C,0.7040281343909649,-5.985,-6.626,4.30319427867253,2.881397404038535,0.8279682540652459,0.7001931316703536,362.45500000000015,2.4339200000000005,25,97.11000000000001,0.2394
O=C(NCCCc1ccccc1)c1nnn(-c2ccc(C(F)(F)F)cc2)n1,0.7040206345001737,-5.96,-7.874,4.231535300573539,3.1123634106575664,0.827855685489045,0.6724327809981809,375.35400000000004,3.043700000000001,27,72.7,0.22074074074074074
Cc1cccc(NS(=O)(=O)CCC(=O)N2CCN(Cc3csc(C(C)C)n3)CC2)c1,0.7039802349751152,-5.937,-7.413,4.0920784449958925,3.424464045657364,0.8277324168979907,0.6684058219040646,450.63000000000017,3.051120000000002,30,82.61,0.19790000000000002
N#Cc1cccc(NC(=O)c2ccc(COC(=O)COc3ccccc3C#N)o2)c1,0.7004555232209597,-6.411,-8.054,3.739497426125601,3.895994866526392,0.827700994224205,0.60142873039453,401.3780000000001,3.3974600000000024,30,125.35000000000001,0.21369999999999997
COCCCOc1ccc(C(=O)Nc2ccccc2CN2CCCC2=O)cc1OC,0.7086380377148812,-5.133,-6.5,4.237864910541627,3.020655723514352,0.8269684219316057,0.604760613976511,412.48600000000033,3.4852000000000025,30,77.10000000000001,0.1711
COc1cccc2c1OCCC2NC(=O)CN1C(=O)c2ccc(Cl)cc2C1c1cccs1,0.7011042110802266,-6.138,-8.081,3.8573777362348114,3.777112389114204,0.8269073839572882,0.5940911437547781,468.9620000000001,4.595300000000004,32,67.87,0.1918125
COc1cc(C=NNC(=O)c2cccnc2)ccc1C,0.7066842062121996,-5.31,-6.337,4.194659700142552,3.1713143962716788,0.8265978290332707,0.6830576765841861,269.30400000000003,2.1625199999999998,20,63.58,0.26549999999999996
COC(=O)Nc1nc2c(s1)CN(Cc1nc3ccccc3[nH]1)CC2,0.7007521335983944,-6.094,-7.32,4.19522323601498,3.250957705046316,0.8265099572516905,0.7639290705111306,343.4120000000001,2.7560000000000002,24,83.13999999999999,0.2539166666666667
COc1cc(C2C=C(CCC(=O)OC(C)(C)C)CC2)cc(OC)c1OC,0.7108644834482911,-4.731,-6.288,4.202326260537132,3.08920669428253,0.8265093126011083,0.5224201125602451,362.4660000000001,4.638100000000004,26,53.99000000000001,0.18196153846153845
Cc1ccc(OCCNC(=O)C2CCN(C(=O)C3COc4ccccc4O3)CC2)cc1,0.693502879070131,-7.093,-8.519,4.288870480674369,3.110229252000566,0.8264995037259784,0.7215937702413131,424.49700000000024,2.5686199999999992,31,77.10000000000001,0.22880645161290322
Cc1[nH]ncc1S(=O)(=O)Nc1ccc(C(=O)N2C(C)CC3CCCCC32)cc1,0.7001614667140706,-6.146,-7.407,4.159784008815842,3.336689077513816,0.8263857289119634,0.8201061348948988,402.52000000000027,3.312120000000002,28,95.15999999999998,0.2195
CC(=O)c1cccc(NC(=O)c2ccnn2Cc2ccccc2)c1,0.7012632435634529,-5.975,-7.995,4.2481064016806345,3.1078791804058272,0.8262976607826703,0.7332249772973543,319.364,3.386300000000002,24,63.99,0.2489583333333333
Cc1ccc(NC(=O)C(C)NS(=O)(=O)c2ccc([N+](=O)[O-])cc2)nc1,0.698751971501666,-6.297,-7.066,4.278421321001474,3.0584306433202,0.8262034941356973,0.5910768178082758,364.3830000000001,1.6037199999999998,25,131.3,0.25188
CCC(NC(C)C(=O)Nc1ccc(C(=O)NC)cc1)c1ccc(Br)cc1,0.7022285808008281,-5.802,-6.76,4.273202663108783,3.0173203343364143,0.8261183612816355,0.639435449382846,418.33500000000004,3.8766000000000016,26,70.23,0.22315384615384615
Cc1nnc(NC(=O)c2cccc(Nc3cc(C)n(C)n3)c2)o1,0.7011549124620886,-5.898,-7.909,4.281887784610894,3.007715910786789,0.8259013231744509,0.7674706077111308,312.3330000000001,2.41584,23,97.87,0.2564347826086956
CC(Nc1ccc(C(N)=O)nn1)c1ccncc1F,0.7090271992850053,-4.819,-6.674,4.230963247299602,3.035284171210334,0.8258250156492825,0.8642674052941494,261.26,1.2827,19,93.78999999999999,0.25363157894736843
O=C1CSC(=O)N1c1ccc(S(=O)(=O)Nc2ccc(C(F)(F)F)cc2)cc1,0.7021634035984069,-5.727,-7.679,4.202814057271627,3.2138844098691544,0.8257556224750139,0.8217155194512388,416.4020000000001,3.706000000000002,27,83.55000000000001,0.2121111111111111
O=C(c1ccc(OCc2ccccc2)cc1OCc1ccccc1)N1CCCC1CO,0.695463591949796,-6.615,-7.385,4.333992385780114,2.930748197986309,0.8256210612640356,0.588657589320196,417.5050000000002,4.441500000000005,31,59.0,0.21338709677419357
CC(C)C(NC(=O)C1CCN(C(=O)c2ccco2)C1)c1ccc(Cl)cc1Cl,0.7012604522230174,-5.775,-7.854,4.240801339369718,3.1282897883668004,0.8254320059729798,0.787600388098802,409.3130000000001,4.562000000000005,27,62.550000000000004,0.2138888888888889
Cc1ccc2c(c1)CCN(C(=O)Nc1ccc3oc(N)nc3c1)C2,0.6975910624878903,-6.228,-8.12,4.164520980857222,3.357636222106261,0.8252201783002543,0.7196460945244758,322.3680000000001,3.3086200000000012,24,84.39,0.2595
Cc1ccc(Cl)cc1C(=O)NC(=S)Nc1nnc(C(F)(F)F)s1,0.7046119623636761,-5.267,-6.773,4.249455259206761,3.0513380671436585,0.8251982236532693,0.7784340560769635,380.80400000000003,3.6455200000000003,23,66.91,0.229
Cc1ccc(NC(=O)C2CCCN2Cc2cc(=O)oc3ccc(C)cc23)cc1,0.6930195988257318,-6.731,-8.343,4.348584137394607,2.923076632591078,0.8246651948777077,0.6989887782731086,376.4560000000001,4.012940000000003,28,62.550000000000004,0.24039285714285713
CC1(C)CC(N2Cc3ccc(CN)cc3C2)CC(C)(C)C1,0.6993970792465026,-5.839,-7.443,4.276297931622632,3.054456580146458,0.8246108310778449,0.8878533139796365,286.463,4.065800000000003,21,29.259999999999998,0.27804761904761904
CC1CC(C)CC(NCc2cccc(C(=O)O)n2)C1,0.699385817913272,-5.71,-6.919,4.344310762364957,2.8127683871943665,0.8240473582945064,0.8754350006598344,262.35300000000007,2.6941000000000006,19,62.22,0.3005263157894737
CC(C)COCCOCC(C)OCCCCCC(=O)O,0.7107100045035215,-4.188,-5.308,4.28333806744226,2.824301860637421,0.8240402782875703,0.49828988984638356,290.4,2.7257000000000007,20,64.99000000000001,0.20939999999999998
CCC(CC)c1nnc(NCCCC(NC(=O)c2ccco2)C(=O)O)o1,0.702017140735489,-5.261,-7.271,4.297529639222979,2.9399051005091983,0.8236513568038006,0.5187045660341449,364.4020000000001,2.6415000000000006,26,130.49,0.20234615384615384
Cc1ccc(CN(C)C(=O)c2nnn(Cc3ccco3)c2C)o1,0.7017553137347662,-5.289,-6.836,4.2385499879086,3.127079308236363,0.8236191320715034,0.7224379089525501,314.3450000000001,2.401440000000001,23,77.3,0.22995652173913042
CCCCCc1nnc(NC(=O)c2ccc(COc3ccc(CC)cc3)o2)s1,0.6955374536006378,-6.121,-7.34,4.209918526527562,3.2846878086052564,0.8235449817378525,0.47074056631123307,399.51600000000013,5.257500000000005,28,77.25,0.21860714285714286
NCCCCc1nc(CCOCC2CC2)cs1,0.7076289615442446,-4.459,-5.536,4.201509014627958,3.139962260919707,0.8234378646043485,0.6883671484577748,254.39899999999997,2.3936,17,48.14,0.2622941176470588
CCn1nc(C(F)(F)F)c2cc(C(=O)N3CCN(Cc4ccco4)CC3)ccc21,0.7002408201799736,-5.402,-9.025,4.199487944976148,3.247689948255528,0.8232190725506119,0.6641662152685677,406.4080000000002,3.626000000000003,29,54.510000000000005,0.18627586206896551
O=C(OCC1CCN(C(=O)OC2CCCC2)C1)c1cccc(F)c1,0.7004696867408765,-5.355,-7.164,4.170761800918388,3.3095922709602754,0.8231501349528705,0.7916584836744148,335.37499999999994,3.383600000000002,24,55.84,0.22312500000000002
Cc1cccnc1C(c1ccco1)N1CCN(C(=O)CCN2CC(=O)NC2=O)CC1,0.6957234533341977,-5.879,-7.553,4.283387094344849,3.091757752476736,0.8226144532583856,0.7164859938740159,411.46200000000033,1.1585199999999998,30,98.99000000000001,0.19596666666666665
CCN(CC)S(=O)(=O)c1ccc2c(C(=O)Nc3cc(C)ccc3C)cccc2c1,0.6938438348302152,-6.121,-7.078,4.278429735311777,3.1348424202820784,0.8225417134544998,0.6382501974962943,410.53900000000016,4.7394400000000045,29,66.48,0.21106896551724139
CCNC(=O)c1cccc(NC(=O)CNC(c2ccccc2)C(F)(F)F)c1,0.6991018690534131,-5.386,-7.543,3.979493686387755,3.647649380080274,0.8224801229866872,0.6916087628785477,379.382,3.2680000000000016,27,70.23,0.19948148148148148
CCc1nnc(NC(=O)C(C)N2CCN(Cc3cc(C)on3)CC2)s1,0.6969904291590103,-5.66,-6.685,4.307518427122512,2.9953383782137206,0.822419413064048,0.831719151218294,364.47500000000014,1.5417199999999995,25,87.39,0.22640000000000002
Cc1cc(C2CCN(C(=O)c3cc4n(n3)CCC4)C2)n[nH]1,0.6997102917413389,-5.279,-7.836,4.025662057351561,3.576987279820827,0.8223748938606169,0.9087699352602382,285.35099999999994,1.4905199999999998,21,66.81,0.25138095238095237
CSc1ccccc1C(=O)Nc1ccc(Cn2cccnc2=O)cc1,0.698440534941861,-5.449,-7.139,4.302299966297096,2.987498786610633,0.8223632752113751,0.7167655638734259,351.43100000000004,3.2658000000000014,25,63.99,0.21796
O=C(Nc1ccc2c(c1)OCCCO2)c1ccc(COc2ccc(Cl)cc2)o1,0.7009940584851151,-5.055,-6.68,4.238019466684881,3.1398487224705613,0.8221578476696257,0.6586016754718754,399.83000000000004,4.925600000000004,28,69.93,0.18053571428571427
O=C(NCc1ccc(-c2cn3ccccc3n2)o1)c1ccccc1-n1cnnn1,0.6890916352533083,-6.69,-7.116,4.370350214799725,2.9162199848433925,0.8221499990778685,0.49857546838692207,385.38700000000006,2.5,29,103.14,0.2306896551724138
O=C(COC(=O)CNC(=O)c1cccnc1)NC1CCCC1,0.6984533831758982,-5.394,-6.171,4.210231347562743,3.245938385120703,0.8221331478062438,0.7420887592430541,305.3340000000002,0.4133999999999991,22,97.39,0.2451818181818182
Cc1ccoc1C(=O)N1CCC2(CCN(Cc3ccccc3)C2=O)C1,0.6943487971653666,-5.953,-7.493,4.295735909014892,3.0766281868305114,0.8221193998021608,0.864628373006236,338.40700000000004,2.8528200000000012,25,53.760000000000005,0.23812
COP(=O)(OC)N1CC2(CCC(C(O)C(N)=O)C2)C1,0.705123516376604,-4.484,-5.632,4.175086825444472,3.240304306697135,0.8220879340431075,0.708210292734813,292.27200000000005,0.3356,19,102.09,0.236
CC(c1nc2ccccc2s1)S(=O)(=O)N(C)CCN1CCN(C)CC1,0.6986529062006689,-5.355,-6.067,4.2664580157315495,3.095557138868544,0.8220819558948538,0.7633556765403976,382.55500000000023,1.8663,25,56.75000000000001,0.21420000000000003
CCOc1ccc2c(c1)CC(C)N2C(=O)NCc1nc(C)no1,0.7000133459449545,-5.161,-6.716,4.283735869541912,3.02110112376266,0.8220418989419845,0.9367636388555676,316.36100000000005,2.43752,23,80.49,0.22439130434782606
CCN(c1ccccc1)c1nccc(C(=O)Nc2ccc(OC)c(OC)c2)n1,0.6950815674093029,-5.817,-7.155,4.30705572288077,3.029409678468729,0.8219681886449501,0.6718255702174054,378.43200000000013,3.9041000000000015,28,76.58000000000001,0.20775000000000002
CN(CCCCN1CC(O)CC1c1cccc(F)c1)C1CC1,0.7018113222293982,-4.898,-6.454,4.267531136383189,3.0419569359213483,0.8219552441153614,0.7848259662219698,306.42500000000007,2.807800000000001,22,26.71,0.22263636363636363
Cc1nn2c(C(C)C)ccnc2c1C(=O)Nc1nc2c([nH]1)CCCC2,0.691615473146274,-6.281,-7.089,4.208691720713219,3.3364749362163657,0.8219050769408377,0.7682073771224963,338.41500000000013,3.0153200000000018,25,87.97,0.25123999999999996
Cc1ccc(C)c(Cc2cnc(C3CCCN3C(=O)C3CCOC3=O)o2)c1,0.6922674881033596,-6.122,-7.412,4.32088185443666,3.032159131707965,0.8216111009002698,0.6124097017766759,368.43300000000016,3.1088400000000016,27,72.64000000000001,0.22674074074074074
CC1CCc2c(sc(NC(=O)CSc3nnc(Cc4ccc(Cl)cc4)n3C)c2C(N)=O)C1,0.6868422050811472,-6.875,-7.939,4.120939334666309,3.553663461837657,0.821594235743801,0.48666448296553627,490.0540000000003,4.075300000000003,32,102.9,0.21484375
CCOC(=O)c1ccccc1NC(=O)C(=O)Nc1ccc(Oc2ccccc2)cc1,0.6925859134035858,-6.073,-7.334,4.316440199979608,3.0410827019336386,0.8215899144465759,0.4736077592176367,404.4220000000001,4.232800000000003,30,93.73,0.20243333333333335
CCc1onc(C)c1C(=O)NCc1nc(-c2ccccc2OC)no1,0.6954245574071855,-5.629,-7.691,4.071118887971707,3.5488894037430923,0.8213615379213419,0.733848329475779,342.3550000000001,2.534020000000001,25,103.28000000000002,0.22515999999999997
Cc1[nH]cnc1CNC(=O)c1ccc(NC(=O)C(C)(C)C)cc1,0.699701606712976,-5.027,-7.184,4.050899406304727,3.538528931632466,0.8212782172585875,0.8104906807315779,314.38900000000007,2.632720000000001,23,86.88,0.21856521739130436
CCOC(=O)CCCNC(=O)Nc1nc(-c2ccccc2)cs1,0.7008593151857564,-4.824,-6.101,4.226044367963971,3.1735697565990253,0.8210762626856818,0.6017885675905439,333.413,3.2749000000000015,23,80.32,0.2097391304347826
CCC(CNC(=O)c1ccc(C)o1)N(C)Cc1cccc(OC)c1,0.6996542666902263,-4.986,-6.544,4.2979788273094135,2.9807198794922,0.8210727055918625,0.8071969173650749,330.42800000000005,3.237020000000002,24,54.71000000000001,0.20775
C[S+](N)CC(=O)Nc1ccn(CCN2CCOCC2)n1,0.700669793110386,-4.777,-5.535,4.304551660742382,2.9398818003450407,0.8207611326540607,0.6770509871689359,300.4080000000001,-0.724399999999999,20,85.41000000000001,0.23885
Cc1cc(N(C)CC(C)C(=O)O)nc(-c2ccco2)n1,0.6946049492034181,-5.6,-7.321,4.315595671515115,3.009740852631668,0.8207525223956315,0.9007396736305506,275.30800000000005,2.2019200000000003,20,79.46000000000001,0.27999999999999997
Cc1[nH]c(CC(=O)Nc2ccccc2O)c(C)c1CC(=O)O,0.69032351907181,-6.144,-6.748,4.338556672443038,3.007118388091828,0.8205508693710895,0.6353709218111453,302.33000000000004,2.14544,22,102.42,0.2792727272727273
CC(Oc1cccc(C(=O)Nc2ccc(Cl)cn2)c1)C(N)=O,0.692977342168819,-5.751,-7.222,4.29139720836932,3.1109929283108317,0.8204395011255551,0.8832571572442136,319.74800000000005,2.2398999999999996,22,94.31,0.2614090909090909
CC(C)(C)c1noc(CCN=C(N)Nc2cccnc2)n1,0.6948575169559529,-5.473,-6.42,4.178265070576542,3.3617730440944404,0.820354621577652,0.6558567966781451,288.355,1.7314,21,102.22,0.26061904761904764
CCC(CC(=O)N(C)Cc1ccc(C)o1)N(C)c1ccc(C#N)c(Cl)c1,0.6985239660024188,-4.885,-7.01,4.237735834145399,3.176471470043451,0.8199715815986879,0.7222626852103545,373.8840000000001,4.376600000000004,26,60.480000000000004,0.18788461538461537
CC1(C)NC(NCCN2C(=O)c3ccccc3C2=O)=NC1=O,0.6893938826269904,-6.135,-6.888,4.363431791606234,2.936354372346771,0.8199596816602991,0.7747408951341439,300.3180000000001,0.1366000000000005,22,90.87,0.27886363636363637
C=CCn1c(SCC(=O)Nc2cc(C)no2)nnc1-c1ccco1,0.6928622866634278,-5.644,-6.583,4.295799576330348,3.099891288416418,0.819911492780665,0.5189910142531465,345.38400000000007,2.7513200000000007,24,98.98,0.23516666666666666
CC(C)(C)OC(=O)NCCC1CCN(C(=O)OC(C)(C)C)CC1,0.6983452082583778,-4.836,-6.109,4.318427260010291,2.9333780867798134,0.8196542842567124,0.8600691161141794,328.4530000000001,3.548300000000003,23,67.87,0.21026086956521742
COc1cccc(OC)c1C(=O)NCc1cn(CCNC(C)=O)c2ccccc12,0.6935383276030154,-5.476,-7.15,4.307418020113674,3.0538334925139585,0.8195884442930292,0.6145225424249952,395.4590000000001,2.7246000000000006,29,81.59,0.18882758620689655
O=C(Nc1nnc(Cc2ccc(Cl)cc2)o1)c1coc(N2CCOCC2)n1,0.6838659882076178,-6.815,-8.257,4.387794434565048,2.949519452385423,0.8195575626206336,0.7084355415749977,389.79900000000026,2.3907000000000007,27,106.52000000000001,0.2524074074074074
CCCNC1CCC(OCc2nnc(C)o2)CC1,0.6985788924405595,-4.769,-6.09,4.314030482043444,2.9447237561441986,0.8195008874665473,0.8418803314627306,253.34599999999995,2.20542,18,60.18,0.2649444444444444
Cc1cc(Cl)ccc1OCc1ccc(C(=O)Nc2cccc(F)c2)nc1,0.688282127315281,-6.102,-7.901,4.254843945434427,3.2736966872329525,0.8191572016036347,0.6861215745075213,370.81100000000004,5.013820000000003,26,51.22,0.2346923076923077
CCC(C)CNc1cccc(C(=O)Nc2nc(C)no2)c1,0.6947458717028866,-5.146,-6.656,4.249245344764174,3.2000839051499885,0.8188784562120941,0.8534448949467174,288.351,3.0883200000000013,21,80.05,0.24504761904761904
COc1ncc(NC(=O)Oc2ccc(N(C)C)c(C)c2)nn1,0.6958220596503782,-4.99,-6.7,4.310112411527105,3.0069181897750394,0.8188382862099481,0.921650426186731,303.322,1.8655199999999996,22,89.47000000000001,0.22681818181818184
Cc1nn(-c2ccnc(NCc3c(C)nn(C)c3C)n2)c(C)c1C,0.6905803451085043,-5.706,-7.512,4.099871827264847,3.5508197645050923,0.8188262644452803,0.7978152538292936,325.4200000000001,2.5500000000000007,24,73.45,0.23775000000000002
O=C(Nc1ccc(S(=O)(=O)N2CCOCC2)cc1)c1ccc(F)c(F)c1,0.688239970366861,-5.893,-7.535,4.281019154360326,3.2090503268101003,0.8182382179548988,0.8800589395908671,382.388,2.2379999999999995,26,75.71000000000001,0.22665384615384615
Cc1cc(C(=O)Nc2ccccn2)nc(NCc2ccccn2)n1,0.689890754554316,-5.636,-7.068,4.237767572673141,3.2929922562921394,0.8181170733395006,0.7498678560998242,320.35600000000005,2.43942,24,92.69,0.23483333333333334
C=CCNC(=O)C(CO)NC(=O)C1Cc2cc(C)c(C)cc2N1S(=O)(=O)c1ccc(OC)cc1,0.689812904647866,-5.629,-7.287,4.224593353211643,3.3238137733633635,0.8180408816771868,0.4568735592083207,487.5780000000002,1.211340000000001,34,125.04,0.16555882352941176
Cn1nncc1NC(=O)c1ccc(S(=O)(=O)N2CCN(c3cccc(C(F)(F)F)c3)CC2)cc1,0.6828120811859293,-6.606,-8.539,4.351820193895883,3.0892929611806,0.818038741576029,0.5854496830509365,494.49900000000025,2.5971,34,100.42999999999998,0.1942941176470588
c1csc(N2CCN(Cc3nc4ccc(C5CC5)cc4[nH]3)CC2)n1,0.6878003863824201,-5.902,-6.936,4.1670057595352565,3.4636404259102886,0.8180153697821034,0.7927782911640892,339.46800000000013,3.219000000000001,24,48.05,0.24591666666666667
Cc1ccc(-c2nnc(C(C)NC(=O)c3ccco3)o2)o1,0.687115083089977,-5.987,-7.552,4.364347488456895,2.974858147878651,0.8179710953491071,0.79240935726429,287.2750000000001,2.7220200000000006,21,94.30000000000001,0.2850952380952381
Cc1ccc2oc(-c3ccc(NC(=O)c4nnn(C)n4)cc3)nc2c1,0.6831790982489879,-6.537,-7.738,4.332309084079759,3.1420066836338862,0.8179654138832341,0.6180823860806294,334.33900000000006,2.57902,25,98.73000000000002,0.26148
CCc1ccccc1NC(=O)CN1CCN(CC(=O)Nc2c(C)cccc2C(=O)OC)CC1,0.6897071672292174,-5.6,-7.677,4.394189458819453,2.8071202325515023,0.8178537680710728,0.598483786550483,452.55500000000023,2.5388200000000003,33,90.98,0.16969696969696968
CCC(CS(C)(=O)=O)NC(=O)c1ccc(COc2ccc(Cl)cc2)o1,0.6892726029422044,-5.64,-6.6,4.348140522108272,2.9929298354622342,0.8177676222663626,0.7542663127193558,385.86900000000014,3.0650000000000013,25,85.61,0.2256
