smiles,matched_to,tanimoto,kind,aff_site,aff_p0,d_key,d_p0
Cc1nn(C(C)C(=O)Nc2ccc(F)cc2)c(C)c1C=CC(=O)O,LOA22-B1,0.16901408450704225,decoy,-5.789,-7.371,4.450203366139574,2.8434574025295327
Cc1c(-c2ncn[nH]2)csc1C(=O)NCc1ccc(Cl)s1,LOA22-B1,0.1,decoy,-5.285,-7.114,12.107752309987186,2.802941847416746
N#Cc1cc2c(nc1N)CCN(C(=O)Nc1cccc(Cl)c1)C2,LOA22-B1,0.18181818181818182,decoy,-5.849,-7.446,7.4579368460721085,6.222996866462332
CCc1ccc(C(=O)Nc2ccc(N3CCCC3CO)nc2)cc1C#N,LOA22-B1,0.2,decoy,-6.589,-7.329,4.4192959846563795,3.0636365646074926
O=c1[nH]nc2cc(-c3[nH]ncc3-c3ccc(Cl)cc3)sn12,LOA22-B1,0.08,decoy,-5.796,-7.605,12.022026534657126,3.0378181314884536
CC1(O)CCC(NC(=O)Nc2ccc(C(F)(F)F)nc2)CC1,LOA22-B1,0.22727272727272727,decoy,-5.245,-7.031,7.186147577109726,7.83405642052698
CC(NC(=O)c1ccc2c(c1)NC(=O)C(C)(C)O2)c1ccccc1F,LOA22-B1,0.17567567567567569,decoy,-6.108,-7.74,7.281119831454499,8.008980147309645
NC(N)=NN=Cc1ccc(Cl)cc1Oc1cccc(Cl)n1,LOA22-B1,0.1095890410958904,decoy,-5.355,-7.32,12.417609874690056,2.9549208111216783
COc1ccccc1C1NCCc2c1[nH]c1cccc(C(=O)O)c21,LOA22-B1,0.16216216216216217,decoy,-5.029,-7.432,6.244727295887307,2.8887043808600428
Cc1cc(F)cc(S(=O)(=O)NC(C)c2cccc(N)c2)c1,LOA22-B1,0.14492753623188406,decoy,-5.674,-7.533,4.859935287635011,3.7711109768873157
CC1NNC(CN2CC=C(C3CCCCC3)CC2)C1c1ccccc1,LOA22-B1,0.0625,decoy,-6.072,-7.368,4.663820108023035,3.3108556295918437
Cc1ccc(-c2c(C(=O)NCCc3nccs3)n[nH]c2C)cc1,LOA22-B1,0.10256410256410256,decoy,-5.392,-6.842,4.368137932803862,8.660057563319079
CCOC(=O)NC(=O)C(C)C1OCCc2[nH]c3ccccc3c21,LOA22-B1,0.12658227848101267,decoy,-5.603,-7.563,8.671189653098358,12.561352872998992
O=C1NC(=O)C(=Cc2ccc(C(=O)Nc3cccc(Cl)c3)cc2)N1,LOA22-B1,0.26153846153846155,decoy,-6.133,-7.272,4.724887935178992,3.106028171153637
CC1(C=Cc2ccc(N)cc2)C(=O)Nc2ccc(Cl)cc21,LOA22-B1,0.0684931506849315,decoy,-5.75,-7.239,12.650765470911237,3.2326880455744567
CC(=O)Cc1nc(CC(C)C)nc(Cl)c1C1CCNC1,LOA22-B2,0.1,decoy,-5.555,-6.119,12.131180857608216,3.145497734858507
Nc1nccnc1C(=O)Nc1nc2ccc(Cl)cc2s1,LOA22-B2,0.19444444444444445,decoy,-5.331,-6.66,4.147055823111138,5.343118003563088
COc1ccccc1NC(=O)CNc1ccc(C(F)(F)F)nn1,LOA22-B2,0.14285714285714285,decoy,-5.484,-6.94,3.4380177428279803,3.3235824045749185
Cc1coc(CC2C(C)OCCN2c2ncc3cc[nH]c3n2)n1,LOA22-B2,0.10344827586206896,decoy,-6.374,-7.824,12.405096573586196,2.9309957352408413
CC(N)c1cccc(Br)c1OCc1ncnn1C,LOA22-B2,0.07692307692307693,decoy,-4.956,-6.431,11.705425536903817,8.993332975043234
Cc1nc(C(C)NC(=O)Nc2ccc3ncccc3c2)no1,LOA22-B2,0.22972972972972974,decoy,-5.905,-7.379,7.872115471714068,10.713867182301637
COc1ccc(C2NC(c3cccnc3)=NN2C(C)=O)c(OC)c1,LOA22-B2,0.14634146341463414,decoy,-5.29,-6.541,8.247168120027625,8.608961029067329
CN1CCN(c2cccc(NC(=O)c3ccco3)c2F)CC1,LOA22-B2,0.1917808219178082,decoy,-4.95,-7.334,7.835140649662902,7.981598649393492
CCc1[nH]nc(NC(=O)c2ccc(-c3nn[nH]n3)s2)c1C,LOA22-B2,0.1518987341772152,decoy,-5.521,-6.751,4.39990329439182,2.9819999999999993
Nc1cc(S(=O)(=O)Nc2ccc(OC(F)F)cc2)ccc1F,LOA22-B2,0.10810810810810811,decoy,-5.697,-7.63,12.462239044409317,3.0281626442448566
COC(=O)c1cc(Cc2ccc(OC)cc2)nc2onc(C(N)=O)c12,LOA22-B2,0.1518987341772152,decoy,-5.706,-7.213,9.897503574134237,6.650165486662719
CC1(C)NC(C(=O)c2ccccc2)N(Cc2ccco2)C1=O,LOA22-B2,0.12987012987012986,decoy,-5.147,-6.994,7.727200333885488,3.3148040666078598
CCOC(=O)c1cnn(-c2cccc(NC(=O)C3CCOC3)c2)c1C,LOA22-B2,0.16279069767441862,decoy,-5.477,-7.1,3.789045922128682,3.3304501197285634
Cc1nnc(N2CCC(Cn3ccc4c(N)cc(Cl)nc43)CC2)o1,LOA22-B2,0.10465116279069768,decoy,-5.702,-7.376,5.32288380485616,3.201355025610249
COc1ccc(Cl)c(C(=O)NCCNc2ccnc(C)n2)c1,LOA22-B2,0.22972972972972974,decoy,-4.983,-6.714,7.260449779455814,7.514669586881381
Cc1cc(N2CCOCC2)cc(C)c1C(=O)NCC(CO)c1ccccc1,LOA22-B3,0.14285714285714285,decoy,-5.529,-7.376,3.6280394154418993,3.115978979389945
Cc1ccc2c(CNCC3(CCC(=O)O)CCOC3)cc(=O)oc2c1,LOA22-B3,0.11956521739130435,decoy,-6.066,-6.907,4.323483896118962,2.9886389879006803
O=C(Nc1ccc(Cl)cc1)C1CCN(c2cc(N3CCOCC3)ncn2)C1,LOA22-B3,0.18292682926829268,decoy,-5.949,-7.858,4.477282658041594,3.023207071968442
CC1(C(=O)O)CCN(C(=O)Nc2cnc3onc(C4CC4)c3c2)CC1,LOA22-B3,0.12359550561797752,decoy,-5.459,-7.247,3.815364989093441,10.304523763862159
COc1ccccc1S(=O)(=O)NCc1c(C)nn(Cc2ccco2)c1C,LOA22-B3,0.14942528735632185,decoy,-5.444,-6.935,4.784707723571002,3.1399945859825946
COc1ccc2nc(C(=O)N(C)Cc3ncc(C(C)(C)C)[nH]3)[nH]c2c1,LOA22-B3,0.19047619047619047,decoy,-5.789,-7.186,4.098725289647991,3.087524250916906
COc1ccc(C2CC2NC(=O)NCc2nc3ccccc3o2)cc1,LOA22-B3,0.17647058823529413,decoy,-5.89,-7.374,4.465245905882451,6.385010258409927
COc1ccc2c(N3CCC(C#N)(N(C)C)C3)ccnc2c1Cl,LOA22-B3,0.13953488372093023,decoy,-4.979,-6.845,7.520006715422533,8.582635026610419
O=C(CSc1ncco1)Nc1cc(C(F)(F)F)nc(Cl)n1,LOA22-B3,0.20253164556962025,decoy,-5.789,-7.447,12.108296040318804,2.9121986539382916
C=CCN1C(=O)C(=Cc2coc(-c3ccc(OC)cc3)n2)SC1=S,LOA22-B3,0.1348314606741573,decoy,-5.365,-6.391,4.565158923849201,3.477571278924416
CS(=O)(=O)N(c1ccc(N2CCOCC2)cc1)c1ccc(Cl)c(F)c1,LOA22-B3,0.14102564102564102,decoy,-5.441,-7.355,6.526149707139732,8.06019540706055
Cc1nc(N2CCOCC2)sc1CC(=O)Nc1nnc(C(C)(C)C)s1,LOA22-B3,0.20987654320987653,decoy,-5.335,-6.743,4.476870558772054,3.620849900230609
CCOC(=O)CCCN(C)C(=O)c1c(-c2ccccc2Cl)noc1C,LOA22-B3,0.1511627906976744,decoy,-4.528,-6.619,4.304616475366881,5.63161264648058
O=C(CSc1nnc(-c2ccco2)o1)Nc1cccnc1Cl,LOA22-B3,0.16666666666666666,decoy,-5.466,-7.207,4.702528787790671,3.137246882220141
CC(Sc1nnc(C2CC2)o1)C(=O)N1CCN(c2ccccc2F)CC1,LOA22-B3,0.13636363636363635,decoy,-5.153,-7.323,5.230119214702471,3.124552447951546
Cc1[nH]n(C2CNC(C)(C)C2)c(=O)c1C=C1NC(=O)NC1=O,—,,random,-5.691,-6.78,4.18716288195241,2.9142451852924114
CCCCN(CC)C(=O)c1cc(N)cc(Cl)c1,—,,random,-4.35,-5.866,12.281380907699265,2.8589046853646596
CCNC(=NCc1cnoc1)NCC1(CC)CC1,—,,random,-5.097,-6.109,12.239836069163673,2.8812271691069418
Cc1cc(C(=O)Nc2ccccc2-c2nc3ccccc3o2)on1,—,,random,-7.17,-8.235,12.41483479551782,2.8861465659248835
CCN(CC(N)=O)c1nc(Cl)c2ccccc2n1,—,,random,-5.405,-6.513,12.746535764669552,3.027594754916847
N#Cc1cc(-c2cc(C#N)c(C(F)(F)F)[nH]2)c(Cl)s1,—,,random,-5.611,-7.742,7.334927538837722,7.698087100052844
CCOc1ccc(-n2[nH]c(NC(=O)OC)nc2=O)cc1,—,,random,-4.939,-6.346,5.667593581053602,2.9822965982611462
CNC(c1ccnn1CCOC)C1CCCC(C)C1,—,,random,-4.27,-6.03,7.310524194611491,7.162389685014352
Cc1ccc(NC(=O)COC(=O)c2cccc(F)c2)cc1C,—,,random,-5.761,-8.281,3.782829100025534,10.242458347486702
Cc1nnc(NC(=O)CCl)o1,—,,random,-4.249,-5.181,12.359022493708796,3.1582574309261107
CN(C)C(=O)c1ccc(C(=O)NCc2ncc[nH]2)s1,—,,random,-5.134,-6.344,12.671740093609875,2.838004580686931
Cc1ccc2nc(N3CCC(C(=O)Nc4ncc(Cl)cc4Cl)CC3)sc2c1,—,,random,-6.24,-7.848,4.300239644484943,3.5114541147507556
CCOC(=O)c1cc(NC(=O)C(N)CC(C)C)ccn1,—,,random,-4.86,-6.868,7.785289782660629,2.9091823593580375
Cc1ccnc(SCCSc2nc3ccccc3o2)n1,—,,random,-5.058,-6.608,4.350297576028564,3.5877026075191902
CCN1C=CN(C)C=C1,—,,random,-3.213,-4.038,12.789742647919073,3.355243210260621
